No	Investor	Tokens	TokenSubtotal
0	0xba231c0c546d6c227608cea6e62f62bcc4047ebe	10000	10000
1	0x2522272d5686bb83cb3ccf069a65995493a17528	4000	14000
2	0x2e2f2b688ec2fcb48742df66f436c5ec5aa425b3	5000	19000
3	0xb8a1825582b653a755b094b5e3dc2f697e79619d	119999.99999	138999.99999
4	0x0b5a91adc9a867501fd814cea2caba28f9770b63	240000	378999.99999
5	0x07ad11466475ad71aa89d7bc48bebfa4e1e162ee	4000	382999.99999
6	0x65654b1007e11dcf3f523355df1b51733b2ff894	4000	386999.99999
7	0xaa26266c24805082ebf4309d2ceeb76101a4abcf	24000	410999.99999
8	0xc7bff4d89f6adfb8c7677c08f4a5b14ed9ed46a4	12000	422999.99999
9	0x20ec8fe549cd5978bccc184efaee20027ed0c154	4000	426999.99999
10	0x88163c9b24ddf79ed2112e9fd17256540fd5c8cc	500	427499.99999
11	0x538d278e05a35c96bcdca1039e92c65b994256a0	192000	619499.99999
12	0x8c5645a50f39b5d1a6112000748b3581e8be7ad2	12000	631499.99999
13	0xe211e6babed235b2c09ed757e66d80559b215fca	12000	643499.99999
14	0x43b2126e7a22e0c288dfb469e3de4d2c097f3ca0	6800	650299.99999
15	0x00e4c343ef1b10399096bdc5bfe52b6095f2b5ab	7690.574298510856083	657990.574288510856083
16	0x33de66d2bdf094a9b75d09c36883694fe44bc383	6000	663990.574288510856083
17	0x0183218c7c8228c490800bea9ff8747f44a20929	2000	665990.574288510856083
18	0x9eb429cb38ad55553a6e83ccacd178c7fd27a26a	36000	701990.574288510856083
19	0x5bde64b9e62a41a61c2d1c3043a9f20a8905e888	83400	785390.574288510856083
20	0x3a1aa0a96632ad25c5b370aafce364eda27f6c6f	48000	833390.574288510856083
21	0xf46054694b937160f8a1b2c3b4c958e4e46c2f21	282000	1115390.574288510856083
22	0x0c2b0baea49687b64ff1cdbe82642bde3b50009a	36000	1151390.574288510856083
23	0x9ebab12563968d8255f546831ec4833449234ffa	30000	1181390.574288510856083
24	0x924c251902924c7dbd4cbf166d42757fb2d146cb	24000	1205390.574288510856083
25	0xdee26df7de15319697ecd1f81ac374ff0bc06e09	18000	1223390.574288510856083
26	0xe9eadd65d06c06e9db4d3bf21d82f9baf3fa63b1	89500	1312890.574288510856083
27	0x18e9fd4e464b29b6187c9567c0c9e50510359329	1750	1314640.574288510856083
28	0x6233ff22e5f37ae982111a6776ea0891b9412c3e	12000	1326640.574288510856083
29	0xe98421fecaac9250f5945ef156c45bf8a8c36406	18000	1344640.574288510856083
30	0xd73562ec12502ef5c2bf7b2fee5f0150ee5b0b0b	10800	1355440.574288510856083
31	0xd51e2fa6f61f6f3c97e21bb91b36ab974b72bf22	4000	1359440.574288510856083
32	0xba20cadb3066492d34d2737c7d6371f5bbab3525	18000	1377440.574288510856083
33	0xa9508eee4a73287c5aeedd2ca392f19ed168499a	1960.786767637523628	1379401.361056148379711
34	0x1b535949dd944e9990b4d2262bf312d781d6af13	10000	1389401.361056148379711
35	0xea3a9ed81f0dedd5d12a797bc5854e652578aa84	1770000	3159401.361056148379711
36	0x7617236ea6ebf579f36169369af41fa0d8116506	10000	3169401.361056148379711
37	0x123bee2841f8b4cf165cd1e01ea5ad499c359741	11990	3181391.361056148379711
38	0x036ac11c161c09d94ca39f7b24c1bc82046c332b	232000	3413391.361056148379711
39	0x59ea8fcdf48423df4a1d4177a39dcd17531a49aa	800	3414191.361056148379711
40	0x41e066a3dfd1e7f6256d469e2cce042655ae641a	120000	3534191.361056148379711
41	0x6fec69c7f4b88f23afab5f74ab93101422e087d6	5000	3539191.361056148379711
42	0x8fda6640f52631253521d4605969cb92ca7be94b	2000	3541191.361056148379711
43	0x962086e1e1058f37b3c45d88cad76afa6bc8455d	23999.99	3565191.351056148379711
44	0x070f902712b26ea414095f755e8be38ce5f13b84	10000	3575191.351056148379711
45	0x27d19965bc0ed892a303ea2d13b35d4d0031f0c3	4000	3579191.351056148379711
46	0x9817cf9b300b69bb5d1d51046da5d828a5ddd770	5000	3584191.351056148379711
47	0x8c4f79075f2dfbf7fc1ea32ef73bbbcfc2d0a515	500	3584691.351056148379711
48	0xe790113dba3a221daf05125234189e786af96ef5	12000	3596691.351056148379711
49	0xc261560b4c1279f53738fd650eaa8dcac72e9c96	12000	3608691.351056148379711
50	0xde107b82e3e47ed281d276644b8115548c085c24	2000	3610691.351056148379711
51	0x92af67cc6a14e17a73688c5c60dde3d9321d0a2a	360000	3970691.351056148379711
52	0x003e29a6781c2cf168c866b5ab25d74184ebf55f	593697.80680250456846	4564389.157858652948171
53	0x0057a465dfa4d8e0261e47b31a7e1d68a4ee1300	60000	4624389.157858652948171
54	0x63183d63965dc9cdbf1f5cc224db36d86d6df5a8	10000	4634389.157858652948171
55	0x00d706d28248dfe91e3d6ab158c10f42219ab3f3	19000	4653389.157858652948171
56	0x008ffdea584d1c91e2e3547bd2dcc523bdcb0f96	12000	4665389.157858652948171
57	0xb87d9edb23e88bc7c1e6f2cd3aa65fae6397670f	2500	4667889.157858652948171
58	0xa5ed3807e915973d11947e26e742b6d6b8d05506	90000	4757889.157858652948171
59	0x7cd413770f55845d4759712ebd0252db9c69ac32	2087.63928	4759976.797138652948171
60	0xa58b6a89af8cd879cb74364d80beae8eef54e1ae	60000	4819976.797138652948171
61	0xb9fc8d028b77b8db48e1b74ff61994c29d2056c3	52000	4871976.797138652948171
62	0xabbc654a8d610507ce88785c6bd22bc6f74a000d	1200	4873176.797138652948171
63	0x90ef7500c348a43d71b447d56f91f2a7bee27ce8	20000	4893176.797138652948171
64	0x4a9ef5139e86ad6cff49f6c5b521858cc78d9280	10000	4903176.797138652948171
65	0x91f2590733f73c38e3c38a149cdd40755713a80e	3000	4906176.797138652948171
66	0xd38ab3cf9b942792f5cef7def32b5f6d58ac52bf	1197.251575	4907374.048713652948171
67	0xdc1727621033c5b75e94908231c7490914dce792	18000	4925374.048713652948171
68	0xa5c895de12293c87d1b60ced7272fe61facacaeb	500	4925874.048713652948171
69	0x84b6abc668858beb5cd85c1983e211e968185040	12000	4937874.048713652948171
70	0xeafc81e1b198042f0aa57ebf7adbd7c64685fb6b	30000	4967874.048713652948171
71	0x537bf75de19f3d229e3a9018ee1a23c0c9c7d39c	480000	5447874.048713652948171
72	0x00089aa4d3f13d18566ac992e3145ca0a594e2de	24000	5471874.048713652948171
73	0x9624198d1316505f324a6f147b0cc7a0def44e78	12000	5483874.048713652948171
74	0x8bf9e041300c3c01f75b7ecafddb5ecc706d52bb	60000	5543874.048713652948171
75	0xa91a30500a60258dc83f08bd7e29086f19e75e10	93000	5636874.048713652948171
76	0x30dea253b1ce2a04be84c37ecdf91d7394777885	10000	5646874.048713652948171
77	0x2b47358ba70bd7d16cbb4eeea7882fceb637b3c0	12000	5658874.048713652948171
78	0x021e7b432152f4e549a66a0af43fa1fc51f65844	996.30069	5659870.349403652948171
79	0xd0e2ddc691ea3c442668d7e801940223e95f9c41	12000	5671870.349403652948171
80	0xe2f7be981406d5ecfe37bc53688b7c8157b45310	995.800021	5672866.149424652948171
81	0x35700c4a7bd65048f01d6675f09d15771c0facd5	500	5673366.149424652948171
82	0xf23e8062331185e4283efa03f55d21130f48c5ef	4000	5677366.149424652948171
83	0xc2780478a6d2d0fd160d9784d0dc63db9b5a69e9	1000	5678366.149424652948171
84	0x6a691cf2fb2c66863cbff7c6aed7a53b2d1423ce	12000	5690366.149424652948171
85	0x3833f8dbdbd6bdcb6a883ff209b869148965b364	36000	5726366.149424652948171
86	0xf09c63a2b47d7b383ecc517a295727312384eaed	3000	5729366.149424652948171
87	0x0eab155d4f30dbd30a12f2f81a35e261d87b1f6e	15000	5744366.149424652948171
88	0x9ce315b846c211a05f9de5578c74b875de470783	25000	5769366.149424652948171
89	0x18c85a8a293cea93f383f27379dc3628a09e5164	10000	5779366.149424652948171
90	0x41a6021a6dc82cbb0cd7ee0e3855654d225f48c6	4000	5783366.149424652948171
91	0xb7d2c65847b7e28d53a5ea41f4dd2b8053b845d4	4000	5787366.149424652948171
92	0xcaabd7fe178d47d9252faac1a862e01fc19391af	4000	5791366.149424652948171
93	0x86d266f736d5a240038d1948db1f3aba7e7e5736	67000	5858366.149424652948171
94	0x8f734006a0a207fc007d2b3ff7d9eebb6d197b79	1000	5859366.149424652948171
95	0x3e8e129906cb01390b826129456b1aeefe30405e	72000	5931366.149424652948171
96	0x304fce8619acc52ac767a206dff63569b947fbdf	2000	5933366.149424652948171
97	0x9eae05142229e0578479fb3b59fee4b976b18d50	8000	5941366.149424652948171
98	0x735e313af49c0096663f006b1dfb71ee1dcb605b	23900	5965266.149424652948171
99	0x00ba3dff8f7dbbf1d0888f9c117c04891619c073	30000	5995266.149424652948171
100	0x009c509d412782c07e489df8702cb2333f3ca07a	5000	6000266.149424652948171
101	0x9c5df720a4454ec6754b17ba63d79b62e4493b31	480000	6480266.149424652948171
102	0x2cc17a82d927a66eaf39acf5dbedce7f5d351f1f	4500	6484766.149424652948171
103	0x760739f49fc2936a59745644a94a5400c62a4b22	6000	6490766.149424652948171
104	0x2561a6f4f32908f2bef562987da896701ec943ae	4000	6494766.149424652948171
105	0x0038f3843c67080c93489a5a77f0598f100bc210	90000	6584766.149424652948171
106	0x06668d8be4ae761676342f75226ee779eee11b58	1000	6585766.149424652948171
107	0x2a9c8f8f71622427a5ec781cf4922e95343ef98d	480000	7065766.149424652948171
108	0x003c6df13f3c95f12e0f3e2c82e3980d9732558b	5000	7070766.149424652948171
109	0x00420fb5d1dbf618f2b1056d4575f3988d605d0c	36000	7106766.149424652948171
110	0xf6dd631279377205818c3a6725eeefb9d0f6b9f3	1200000	8306766.149424652948171
111	0x3d9628642466e692a99511fc0276173d178c6696	1400	8308166.149424652948171
112	0x5cc7c781e224d0ad085dd1dfab22e4ad0f215d2f	10000	8318166.149424652948171
113	0xc673dadcca43ad4ff7f3c99419fd35e1578ad1ec	120000	8438166.149424652948171
114	0xf9ddbc054f2544037ef3248730a7303b3b5c438f	12000	8450166.149424652948171
115	0x26cb641c38fb76df2817bf4b64cdbc05a50d00ce	2000	8452166.149424652948171
116	0x96f00343cc980f5c4b200d6291b09a9c3592012f	1000	8453166.149424652948171
117	0xcc6c95e8bc9fe7b9ddccded787276b70728bd91d	30000	8483166.149424652948171
118	0xd7c76bc2a222712bd408a1b4845e94cb5ffb8d47	500	8483666.149424652948171
119	0x007eb3243e9d74b28c0586838f02220446d4868b	5000	8488666.149424652948171
120	0xba079b44c7079615cb7e56b1e4e0fd566db419df	10000	8498666.149424652948171
121	0x1894a5bc142ef208b6bc5023b5403e26007a3f5f	60000	8558666.149424652948171
122	0x6ec294e89262e36c6462a4192b9ccd73162cd85b	7000	8565666.149424652948171
123	0x2781012303332435f8301a6038713c77fd7994f4	10000	8575666.149424652948171
124	0x82b3b3fffd8680967305debf1816fe49b090670d	5000	8580666.149424652948171
125	0xe66ef6fe93c04f60178b11744246fd2f497f583a	1500	8582166.149424652948171
126	0x003e29c696d9e4c74c31cd6e7dcf197f20592ec2	51996.85892	8634163.008344652948171
127	0x245f27796a44d7e3d30654ed62850ff09ee85656	1800000	10434163.008344652948171
128	0x8f4c2615c6fc88074270d56a1231a4305e8bd85b	2000	10436163.008344652948171
129	0x6e8b688cb562a028e5d9cb55ac1ee43c22c96995	48000	10484163.008344652948171
130	0xe75a221ec2fc0ca81eda031573c2e8b72bc31f2a	14300	10498463.008344652948171
131	0xdb671ebbaa43306775f52f8b5620a37d1926ac0b	12000	10510463.008344652948171
132	0x87ad0f383ae616c57294be77dde6fdd40c7cb5d1	987.66368	10511450.672024652948171
133	0x4c9c6fc54e0580a3862b6d21c5316d8f8f8e9913	6000	10517450.672024652948171
134	0x3f5f58cf4aebc0145683c4dd619b3b2fa85879e0	12000	10529450.672024652948171
135	0xce14cec3d6a45294314d2bcfd70b1e9e9a723725	1886600	12416050.672024652948171
136	0x26760096dd9398a235f22909b8d7b2cb244caee8	10000	12426050.672024652948171
137	0x97cc1202cd3ff5c13fd7d93a4c97829f898f2051	58789	12484839.672024652948171
138	0x668c9c3f9f700c2822b1c9f0021489d889535673	12000	12496839.672024652948171
139	0x00afe1f685add0495bf32ac61e500852674bfc43	300000	12796839.672024652948171
140	0x9a06fbfff4fc2a339927c1cbbde1a1fc23ce3c27	18000	12814839.672024652948171
141	0x5bf7c053a1b182afa1df620e7f1a2e3058945929	39600	12854439.672024652948171
142	0xa57c1f0bd9e4b14f016c143889ef0184369c2c66	18000	12872439.672024652948171
143	0x1c4b36dd747f9a0db31f74d1f632b902114fc760	36000	12908439.672024652948171
144	0x00f600c214bb1f6f2ce352e5f673a011c5eb1088	12000	12920439.672024652948171
145	0x2c0a252014b70021e8daba31a1a7b993d3c1caec	24000	12944439.672024652948171
146	0x00009277775ac7d0d59eaad8fee3d10ac6c805e8	5000	12949439.672024652948171
147	0xcc58a258f53eb73d892835ef349ebd699833e8fb	10000	12959439.672024652948171
148	0xb5cbb1b8a20a086857a95b7f157d3349a1304909	24000	12983439.672024652948171
149	0x18bfbc081001d58c26e52f9b2d0299c0c887c9c7	10000	12993439.672024652948171
150	0xc190b4f46f8957af9c088ca9277653af911e7711	2000	12995439.672024652948171
151	0xe12e8c7332c9977bbc2e40f394dcc13576ca55f2	72000	13067439.672024652948171
152	0xa863ac766ff44cc3810063383c822f70252192a8	15600	13083039.672024652948171
153	0x687ec53bf2d720d4033d146c3f023a4958210aea	4000	13087039.672024652948171
154	0x1f19f9ffdc7f8c71c6b09d7c7349f0932229d401	6000	13093039.672024652948171
155	0x1b22a64ea64c2f4cf1d6ae25c855db5fe1ca0e20	40000	13133039.672024652948171
156	0x0eacc4ab348e8456051f094058dbbdb1653a4da5	4000	13137039.672024652948171
157	0x7255d77d92c7311bdedd38b54bb50c1c1ee6af2f	3230	13140269.672024652948171
158	0xea3c5e2af2c02dee176deb75a6acfe596bfb4f82	10441.122742	13150710.794766652948171
159	0x92011e50d2599171553d94d7a37914efe45539d0	54000	13204710.794766652948171
160	0x8ccb46475ece443f20feb8c61ce5a2500947c898	11800	13216510.794766652948171
161	0xb43daabb29cc80a442cdb86cc400251db6bb6280	10000	13226510.794766652948171
162	0x2003ca1797db527aeb021789633bc79f80f65810	210000	13436510.794766652948171
163	0x6e59d2e4ef1682ca1108b19dbe5caaecda387826	990	13437500.794766652948171
164	0x6461e1f300c550b0c152d2429314289e401288e7	3000	13440500.794766652948171
165	0xc42c81953bfd46be34d403ee5f4933981d4fd886	12000	13452500.794766652948171
166	0x00e0ea9173d9a4f181df4cb6189bb986157f4362	1438700	14891200.794766652948171
167	0x05af9d95a67079347ad86b4a57dbc942e1082ed9	18000	14909200.794766652948171
168	0x89cd10de4f783a29ad4bf0fdb889e54276ed0d06	5000	14914200.794766652948171
169	0x2703373402edaa685a2a1492c794657c449b011e	3000	14917200.794766652948171
170	0xed3b06784b969f938bbb5c6ca281cd0697382ba5	2000	14919200.794766652948171
171	0x225fecc8cf8a127e54b36ba01c7a9135da6da46e	1000	14920200.794766652948171
172	0x347ae86b2448d5adf6cf8e2b8536ada71c5af22c	7500	14927700.794766652948171
173	0x8f65212d56de65a0effafafbf6e791a5c016bc45	500	14928200.794766652948171
174	0x650840f98ce7dabd5ed7bd314dea0db5f03b5c2e	481200	15409400.794766652948171
175	0x05205c67a5e0ca6e9929724bfbf2b1d83abea90c	1842.38244	15411243.177206652948171
176	0x22f37de9f21fb88cb77e287ee3d1046b6ba6f24d	5000	15416243.177206652948171
177	0xd93a8706fac801cbc7e03025c082e6484accbbae	60000	15476243.177206652948171
178	0xe5d93dd474988b60b354339da3a845d9cd35ec5f	20000	15496243.177206652948171
179	0xb7cc112f614d1969bdeb457f9f1b66882dfbb8b4	24000	15520243.177206652948171
180	0x8e8beed03ae73bb4e38870c3647d79e74dacda79	3000	15523243.177206652948171
181	0x665da7a8381571f76c13c18c59e7bc6fb0d7417d	2900	15526143.177206652948171
182	0xa115dafff759c099732284d01b0474cea013e3be	10000	15536143.177206652948171
183	0x22c1aa4e6a8e4ca606d05abcc579d2121394ae24	7400	15543543.177206652948171
184	0x115b3cabe345fc6d79020c0e337cab8745192915	10000	15553543.177206652948171
185	0x742a320ef7f054caf37b05dd785cc56bb46865b9	72000	15625543.177206652948171
186	0x87cddd3e4138150454ecb9dd6c2f0cfdb5291691	3630	15629173.177206652948171
187	0x00e32d61132320af76550f29701f45a20422f67c	36000	15665173.177206652948171
188	0xe67df4c1b0eac6ea8c28467941a30a25ef82a87f	40000	15705173.177206652948171
189	0xdfff88ecc6fbe227c31967359352e4f7b1937666	10000	15715173.177206652948171
190	0x9117388182feef5ca847a7658164a0a1add1bb30	2000	15717173.177206652948171
191	0x20814529347e97b1b87a93e794c23487fdfe2caa	2500	15719673.177206652948171
192	0xbd0bb54230e2d61c12e45a27f0dd138e30cb31be	300000	16019673.177206652948171
193	0x3317d73f7678680a1cb26a5badb2a7e0cfc399f7	2000	16021673.177206652948171
194	0xb8947120ffca6662de3e1f88eb8fd2e002f672ff	6755.8	16028428.977206652948171
195	0xaacc5d601e74eb7d7a55d0f27bde1719c28dd653	10000	16038428.977206652948171
196	0xbda40fb36d4032f2b0541d001625e8b5ba9a83ea	18000	16056428.977206652948171
197	0xf16769b8fb417e606bb0c3ee65bd5d9b44328b83	8000	16064428.977206652948171
198	0xc91e1aec51b6e554f913a5ecc21bef6d3c0825f0	10000	16074428.977206652948171
199	0x6886d4c76066d6daf6408a329d4cf76de4916c13	150000	16224428.977206652948171
200	0x3f68be5ea690643532093ba5d3b4897aadbe8c7c	12000	16236428.977206652948171
201	0x866b158c050587a281e82f815135f9191b92048d	1000	16237428.977206652948171
202	0xfb713baf73588ab2c9af035546c8fdf4dd154de0	4500	16241928.977206652948171
203	0xf66b2c7122060399692cf397e7f528b96b7ace1a	25100	16267028.977206652948171
204	0xe274aa3f7a9f9f27a2b8e4943ec495590f70c330	500	16267528.977206652948171
205	0x45cf1edfbfcdcac7f411190704b8db7506668bf9	709.16544	16268238.142646652948171
206	0xf327cfd2f7cb40d2d7fb7bad1ea261723f20036a	12000	16280238.142646652948171
207	0x5172c798c165a9735a8790134e5d102ea6adfcc6	3000	16283238.142646652948171
208	0xa9d4a2bcbe5b9e0869d70f0fe2e1d6aacd45edc5	860	16284098.142646652948171
209	0x375f95fb45811ace248adc5baee5228d91ffca50	18000	16302098.142646652948171
210	0x4929f4d38f2955649b5aa34343da04cf790b9d92	1000	16303098.142646652948171
211	0x00622dfee7a72f24881889110d1acae6e69b4b63	5000	16308098.142646652948171
212	0x1f2764d3f1656da1435d6bee384f4c932d424e41	2282.36525	16310380.507896652948171
213	0x00ae92580ffe442350bfefc4c9e4fd5b137a0fc9	4000	16314380.507896652948171
214	0x4c0a5c5e35bc4a2eaa8b37909d4e48dc342f55a2	10000	16324380.507896652948171
215	0xbfe4b932eb09c57fecc03327e1955288679a0d47	1320	16325700.507896652948171
216	0x8e5d6e1292f3c07ad35fd2e8848f007c7cb1d1ff	1000	16326700.507896652948171
217	0x68007d79f0b374cf2dca33d9ffc35578584ce1f8	1000	16327700.507896652948171
218	0x4ac6ebd8df05b2eeda4e4c44ae695dfa37ce330a	3500	16331200.507896652948171
219	0x4236a570d66d9d8ee2505b426414f38e28d9063b	1100	16332300.507896652948171
220	0xcc42571e41b939a8e46d5c2d5adf6d93bfaeb937	60000	16392300.507896652948171
221	0x33d26b3b40dfd7b37c4f035164c91ffd174f14d8	3000	16395300.507896652948171
222	0x3569afa440a0cb99ea69bcc27eeb26e448848732	6000	16401300.507896652948171
223	0x31d4f39a5b392387b8c74c592ae063d7849d985c	7500	16408800.507896652948171
224	0x8b3b91ed54154529f4f22f9fcb3aea08258b9776	8000	16416800.507896652948171
225	0x5d1c6b4226e08511f2783aba2f279505b210e46b	590	16417390.507896652948171
226	0xd3acf0a09553a883892a23c672f8bc21dded2d0c	9600	16426990.507896652948171
227	0x12f26406f3fa91faade2afcb373ef583daffd78b	500	16427490.507896652948171
228	0x10094b91c2776139bf2adaddd10e5e5b71403dd8	1000	16428490.507896652948171
229	0xeefcd01087281d035ece6a3bc369eb3afafc4cec	10000	16438490.507896652948171
230	0xbffb814b73801ff822427a3d8b902dbc8ffb5f93	12000	16450490.507896652948171
231	0x20d0a66c86b8ad70ba1ba7dd075b9c37bfd23380	20394.75	16470885.257896652948171
232	0xb8b0eb45463d0cbc85423120bcf57b3283d68d42	3500	16474385.257896652948171
233	0x5acbdfa57e751f796677ba05ca4c5e53e2d74bf5	10000	16484385.257896652948171
234	0x160061f6d06b3a122d336df019e9a5763f7b821c	500	16484885.257896652948171
235	0xe26758a5c9f304689cef289acaa21d352f64eb62	4000	16488885.257896652948171
236	0xa102dc96bd301ab973844d2ee262400e428ce6d5	5000	16493885.257896652948171
237	0xfd6eeeb24a2010e73ae109ccdd7ffd784840b3bd	3000	16496885.257896652948171
238	0x91d43e0aa8d5d6361ef2ba8839b848163b32a3a5	8000	16504885.257896652948171
239	0xdaf99f1e196245c364cde16cabae8bebbe24476b	900000	17404885.257896652948171
240	0xca4ad3d429ea5130512b0ebb7fa4a7fa6d1a0e41	5000	17409885.257896652948171
241	0x00225e841e3e0ce3c3c61ae935e58b0659c6fce6	48000	17457885.257896652948171
242	0xf1ad946ae30a285d96ea396acd3fd22c5aa75ef8	9000	17466885.257896652948171
243	0x8a9bcdc68d19e111663d6c986caf1da1eda1c304	2000	17468885.257896652948171
244	0xee27f0aa4a393061f20e655a27a826379a78f162	4990	17473875.257896652948171
245	0x23d6d0065ec747636b3ff817e026a2595c9e4f7e	35350	17509225.257896652948171
246	0xbfa362cf5ba6265f71b426a6704f30ce52387d8b	950	17510175.257896652948171
247	0x11c919c709ca16911ffcc161064077803aa256d4	615.66	17510790.917896652948171
248	0x15a3d17ab49c02077bbfd60026dbe63cc9640dd8	24000	17534790.917896652948171
249	0x9fe1d32e40874e6ab17ce8341c72b6c0d8bf6329	23000	17557790.917896652948171
250	0x138dd537d56f2f2761a6fc0a2a0ace67d55480fe	12000	17569790.917896652948171
251	0xc2849551e288c1a5ccd812543cbb042efc38f5d5	5000	17574790.917896652948171
252	0x00e8bf3d5a099ca807ec507ab48c307e5aa09a53	8000	17582790.917896652948171
253	0x9264acf177749cf61f790bbfe0933f4ebcfdd3c7	9980	17592770.917896652948171
254	0x7b74e71a53f011c7af477f3bfab0b71250ce8d48	3000	17595770.917896652948171
255	0xd929ad1e45b7963bf98bb25bcbd3e6db858e9f45	1500	17597270.917896652948171
256	0x0987ee85897f2afe6b74b82ed1f126b799227e8c	10000	17607270.917896652948171
257	0x5d0f6116fccad7c110fb6244cb27a16ce1f73fdf	10000	17617270.917896652948171
258	0x478220fb5ad849463c36feed2a40ec69bfed536c	1700	17618970.917896652948171
259	0x1803ab3d993447530329d6a2545909d15463e89a	6840	17625810.917896652948171
260	0xff48f16d7de2e7709a347752ee38cb55e7e4ade8	24000	17649810.917896652948171
261	0x708b6b354fb7e8a2beab12fb391cfbe6a6a83085	2600	17652410.917896652948171
262	0xce1c63f5b21f4e3f9d00b36d6673cf708dac08e5	12000	17664410.917896652948171
263	0xf5866a53c314f5a111b7787a914f9f8bbf9dde22	3000	17667410.917896652948171
264	0xa79620db12c2e79487f116745238dedb1143cd9c	21000	17688410.917896652948171
265	0x2711cc8d6fc8a12b4203a5e9dcb778f2d673e2b0	12000	17700410.917896652948171
266	0x0b7920d5c82c65ee2aeba20d7c1458b0dffe2c7f	10000	17710410.917896652948171
267	0xdc9b077032c9ecf708a4f47123dabb2cc18bcaa2	2000	17712410.917896652948171
268	0xefbb4e982b088d52d5505b5f8e337af07f9be343	1000	17713410.917896652948171
269	0x6a6ff77522dd23cea205b052241f99fc1ddca1da	12000	17725410.917896652948171
270	0xf72ff03749e373840f23676eccdb0d6ad4ad3b5a	12000	17737410.917896652948171
271	0xaa24bbdc707bdc9af799f2a0df8c7899867fe786	7000	17744410.917896652948171
272	0x583602f1d69d2a1b40ad5695712b6313a2922d4c	5000	17749410.917896652948171
273	0xa82846304ff0364c2f2d3e411e411f3111e78165	120000	17869410.917896652948171
274	0xf7d02acd4bfeb8fbc786379f5fcd75913f90fda9	500	17869910.917896652948171
275	0xe3ff98f12d80aa7474997510a32c1bbf76f8b7fb	5000	17874910.917896652948171
276	0x85591bfabb18be044fa98d72f7093469c588483c	4000	17878910.917896652948171
277	0x4f0068890d1e90a579a763b777fdb1f43f5c7468	536	17879446.917896652948171
278	0x0099e3ea4f7aa9505be2c1c94149116b9856208b	5203.06029558303	17884649.978192235978171
279	0xb7820c37763f70a2f610c5eaa7900a099517517d	500	17885149.978192235978171
280	0x10db0c978668616249dba305c85166b4f081319e	24000	17909149.978192235978171
281	0xfe491d9613f20b8a7f682bbb2994b9bd7e762c21	2000	17911149.978192235978171
282	0x30e232e253948a68ff43a642660e4c9af6f1bb40	3000	17914149.978192235978171
283	0x416eda5d6ed29cac3e6d97c102d61bc578c5db87	481000	18395149.978192235978171
284	0xc405ec6440b74fca7c6fbae9f465bdd92e9cca1e	2000	18397149.978192235978171
285	0xfc7d5e499f869d8ee0b17c61b0f6f83bbac2fbc2	9200	18406349.978192235978171
286	0x7a7f59b7299102f921aa2497cc3c0ccaa9fb6311	1000	18407349.978192235978171
287	0xd6c1590b5be28453ae7f04247600f2ae697bc58a	10000	18417349.978192235978171
288	0x461d550a78ba5104897a6e1064384fdd2a7f526b	20000	18437349.978192235978171
289	0x5ffc4e8133755b50daaced2b67b2b302af0f64c5	500	18437849.978192235978171
290	0xf74863bae1b836dcaab3687315bff920d0857e09	27473.5	18465323.478192235978171
291	0xf549bd764857fbc32993c9a2e6b86709c0edbc08	500	18465823.478192235978171
292	0x1a193c4f3726a0ca2854e1972c6d4e8ab0ff80e6	7000	18472823.478192235978171
293	0x8bc29bc0941680d4deb525a6abf1e9269fbc98ca	10000	18482823.478192235978171
294	0x69cf02eafc49b895e1e0aae07f8b27eb6c1adf09	6000	18488823.478192235978171
295	0x990d53372e214f8356910f5cde50e53b49414091	6400	18495223.478192235978171
296	0xcae1a6b01f64bd8e4ee9149b35589d1d455f679c	36000	18531223.478192235978171
297	0x0a46ca05e4ab870306cc553f384deb1388a36403	1000	18532223.478192235978171
298	0x7544b7da3bd457908108ab38e2a0dd65de3a6b09	5000	18537223.478192235978171
299	0x4dc4bf5e7589c47b28378d7503cf96488061dbbd	12000	18549223.478192235978171
300	0x2543d40f41327142c2ea50cc8c6741736ae37572	36000	18585223.478192235978171
301	0xc18a98ddf6188da4a260afd15f805f4f465aeed8	48000	18633223.478192235978171
302	0x57593c260ef8c20a71aeb52fc2d62f3f485c3a32	36000	18669223.478192235978171
303	0x0b769f84492fb8ac2b27e23ad2989670f5bfb4fa	4000	18673223.478192235978171
304	0x22cfc05d5b4bc326452b0c73f9b3c829f4d9e2ef	5700	18678923.478192235978171
305	0x5fce06187fd3dab0737469e21078a9f72b633834	60000	18738923.478192235978171
306	0xcfc643693aca9df6abfaaf62fe384c3c8a470ee4	1290	18740213.478192235978171
307	0xad8ab505b8e543e810d1945681e69524b3bf1f77	72000	18812213.478192235978171
308	0x14a89caca1b3a7428ace9887034f0e486f88b644	5000	18817213.478192235978171
309	0x37493504ee4091edaee99ba5d7628c97a9bd5896	6000	18823213.478192235978171
310	0x041dedfec783d8d6d8bd4f81cb3675042151184d	100000	18923213.478192235978171
311	0x6d0ded4ac36cb5fe0586b06fa4bc9fd96182519b	10000	18933213.478192235978171
312	0xa515610f4731e3d92aa99f2f1f9af209ac934e4a	8000	18941213.478192235978171
313	0x0014700bb89f009dc0d0ed82be9ba70f89b91c8d	29990	18971203.478192235978171
314	0x67bcae2acaf4171394762178f0b093fe64916319	3000	18974203.478192235978171
315	0x1d395b30adda1cf21f091a4f4a7b753371189441	600000	19574203.478192235978171
316	0x4a2dccbc65ba28796af0a15dd11424c14153d2d1	500	19574703.478192235978171
317	0xb30afe7ec3aedcde2946ffd6f4d6db324002fcd5	10000	19584703.478192235978171
318	0xff5f45b0d25a862d1bd9b43f5eb01e150d4126e9	10000	19594703.478192235978171
319	0x4b83a0a5fee4e3a4caefe14313214423ad53e70b	2000	19596703.478192235978171
320	0x7976b95f1c30725f25a2ee922c68a86a90ff624c	12000	19608703.478192235978171
321	0x947d06574059002f9fd6848a67fc55a2ae4dc347	1135.15723	19609838.635422235978171
322	0x77f6d9261dd8e45c0e8555aa86ab1648da9b95c3	15000	19624838.635422235978171
323	0x2b8b2bfa75a41dfb57d08e8e187f52c5c28b7095	4000	19628838.635422235978171
324	0xa6bb8361eda6e56073e7493d4cc4e3d593fb1f89	500	19629338.635422235978171
325	0xcecb429db87d228b79c879e48ef6b38441b81883	10800	19640138.635422235978171
326	0x1509f23126c9ce5798b8a6b104c35f81f7f0b212	3000	19643138.635422235978171
327	0x129631915a3ca10b9a159a7dc95bde0ba71682d3	18000	19661138.635422235978171
328	0xc2bc281e5d16b54a10fcc6e3f3baea8b6ec0d9b4	10000	19671138.635422235978171
329	0xf900cb3bcef2e13d0ee1fe5bfbd3450fbacabfc4	10000	19681138.635422235978171
330	0x75ad33e4d5f0967d4df9f4709287e057a4a2901d	1637.97669	19682776.612112235978171
331	0xa8969e85afa65cb7867a3d3563f910d39899ab97	6000	19688776.612112235978171
332	0xf610752dd164f8e9b5ab6edf48aeb84224c0e4a9	24000	19712776.612112235978171
333	0xd3388e1ed707443442afa9bb133d9dffacd9b467	600000	20312776.612112235978171
334	0xe90847ac4522bab98d45ab2f976d2c199aaedc96	10000	20322776.612112235978171
335	0x007eec114cb1f1c19bb431c4143310e4c42e6c57	10000	20332776.612112235978171
336	0x5d4d24551c70d8a0e6899862b7f7cf37ce7e778d	1000	20333776.612112235978171
337	0xa78b438dca8491c53eb1a4b6721f56197d5cb4b0	18000	20351776.612112235978171
338	0x002f331dd9949283c6f9f9b1833dfcdcba874740	10000	20361776.612112235978171
339	0x2efd5bebd74eceed931f8c1936dd8fe10da2a287	1500	20363276.612112235978171
340	0x7e3a5201d9d7282ad3095966e9f6008342411de4	20000	20383276.612112235978171
341	0x450a37c68cf2565e43d461cc596b408fa97cc4fd	6000	20389276.612112235978171
342	0xc13d48a6c86a994f85038e96a7fea0aeb27d6f4d	6000	20395276.612112235978171
343	0xa4d57f26d74c952bfbb41eba172b31e37be34527	30000	20425276.612112235978171
344	0xd2859946cc58ce3a4a46f1784d23f3639f6510e8	3000	20428276.612112235978171
345	0x669f01ee666c606b4b0da109179668c80e86ad44	30000	20458276.612112235978171
346	0xec30eacdb39705ec281e10891d605cb0be41e094	2000	20460276.612112235978171
347	0x54e701a92841e2326ad01a73679b477f460b4bc3	10000	20470276.612112235978171
348	0x14d49231d3199dccfd0aad8833d42a516fc5e3fb	6000	20476276.612112235978171
349	0xb1ddc4a6f2ed00e720f8e862a34ad9f3f83627fa	72000	20548276.612112235978171
350	0x65f3de22aa43e5175ebb9e194e54444d69ea6035	18000	20566276.612112235978171
351	0x9a6c4a9100b3e11991a3f20a153894bb3a421862	9760	20576036.612112235978171
352	0x6e050ea5088011ffdf0b66c60b09110de45c6517	5000	20581036.612112235978171
353	0x00fc425b4aecfebb927fea7585730c50f683c5f0	6500	20587536.612112235978171
354	0xc970fd5603b5d4eab1368ebf08b8b439bf5434f9	60000	20647536.612112235978171
355	0xae31f2a51f82fc62c2688f2f6130d7454a03b304	10000	20657536.612112235978171
356	0x36c0b719e36197a4454baac43489a0fc620ef070	10000	20667536.612112235978171
357	0xfb11f91a8ae8a87effe90315267f2e3ed1159b99	10000	20677536.612112235978171
358	0xae46b23deb802d3bd78b9a96c1a3f388c1a00eca	120000	20797536.612112235978171
359	0x31b55c025d83d74025eab7ad8870dfe63a0f55b3	10000	20807536.612112235978171
360	0x001dc2e9730e81ad99c557e70d89886f5df9d4dd	10000	20817536.612112235978171
361	0xd51117069a1a8391a6cb4eee929bff495565a3f8	50500	20868036.612112235978171
362	0xb7f1498898d70685851b5331f64bf26215f00415	505000	21373036.612112235978171
363	0xa09f202a014c80b7b718bfbcf5149223b004d44c	500	21373536.612112235978171
364	0xb122a735828a47a2181f1f7ed6adc357bb3ff53b	3100	21376636.612112235978171
365	0x929a4781a8324a274d663001df95bafa2abaac6c	60000	21436636.612112235978171
366	0x38587b512f758b74fc4243047b53437e298b4292	18000	21454636.612112235978171
367	0x8888889201803e468f55333b6b3992b262f61951	60000	21514636.612112235978171
368	0x2f4c78acd3dd96e390fa25e5e1d9a5d4042723d4	4964.078294	21519600.690406235978171
369	0x8eb4eeb55c603cbdedc2a95fc8ec49b511f52667	48000	21567600.690406235978171
370	0x3f1887c41b663a9dbd6237c7f3411001ff62f4d8	5900	21573500.690406235978171
371	0xce4c9c5271d33b9d94191c69120f76dd7901ed81	60000	21633500.690406235978171
372	0xbe2fe9e1ae98630dc8495e4671479b95c55dcf1e	20010	21653510.690406235978171
373	0x26dc0426056f9f87d5013f6d45ec3d7a62aab583	24000	21677510.690406235978171
374	0x4bcb4d7ebe070c9a7565c71d91d93cd9e2636b50	25000	21702510.690406235978171
375	0x1bc31b9cc450e8e732caab003a8182eaa937b84c	54000	21756510.690406235978171
376	0x5dcb3152072d13dbaabd68ed85d6192ca543b04e	5000	21761510.690406235978171
377	0xf4c8b4573c31b5a70b92603f05e3bc0bfe92901a	700	21762210.690406235978171
378	0xa92ba64f9538a66c346302ced87991c2c71c704f	10000	21772210.690406235978171
379	0xa9d8f1200e17fbf94b52720684051ae77735a777	16200	21788410.690406235978171
380	0x1f6a434fa26e656e50f466155191ee267f5fb9df	4000	21792410.690406235978171
381	0xfc6996480d7eb198540b834161c0c730273001f3	5000	21797410.690406235978171
382	0x5ebe4c2f14cd027bb2bfce0116cdc4ceb1b68d95	4000	21801410.690406235978171
383	0x139fb4bad33db4a9f2a048ab0c969c1d0560ebd9	36000	21837410.690406235978171
384	0x5f3f428c4fb6151e8c26be254b5c50d0be072c69	36000	21873410.690406235978171
385	0x65af4cc9744da6613a18646cc6ff4d8c9fc699b6	2493.10408	21875903.794486235978171
386	0xfef4e98a7685072f700f60c669c489284780bd25	5000	21880903.794486235978171
387	0xee2e0e56e11fae260f3de0d6767fc1e970fc69d3	1410	21882313.794486235978171
388	0xcdf1f0cde0acd50128037306de62090064c56f22	10000	21892313.794486235978171
389	0x1fd9bde7e73533e28455421df56e73de0a0975b1	70000	21962313.794486235978171
390	0x9fb7510d621659cb3df78b02a04ccd66380350c0	10000	21972313.794486235978171
391	0x06fec9e9ffdc3033ea99af026aeda52d864f654f	12000	21984313.794486235978171
392	0x427e7bb79f00174fe7f3fd3f15298041a824d7c3	10000	21994313.794486235978171
393	0x019f484f4320c8fb11d0238b2b03c16fec905527	59500	22053813.794486235978171
394	0xc83479a0b580b6eedfa6ac258068670bca6cc11b	12000	22065813.794486235978171
395	0xab5d55bf0bdbf59c74146315a0ba2cc02ec4e969	2940	22068753.794486235978171
396	0xc293e2ae9630fe4347bcebcd4350a3b2564ccb10	4000	22072753.794486235978171
397	0xa39cf4fa1881933abb8d9fde532d445173d2c531	15001	22087754.794486235978171
398	0x7b8be5f0553039aae06020931f56d141a4c15ca8	1500	22089254.794486235978171
399	0x84f0c25b509cc22e8223249952ca720fa16a9d4f	2000	22091254.794486235978171
400	0xd622e6f0dfcb23c7bff90b669e1319335d787773	10000	22101254.794486235978171
401	0x3a311846dee6271dfbc38bd1bcc2a9648e8ba276	12000	22113254.794486235978171
402	0x0fa110b46d7f1727e81981cee55b36d91d281ddd	7070.425687	22120325.220173235978171
403	0x00e3f02d441b2ad4315874571de3c39bc29918ae	12550	22132875.220173235978171
404	0x5cdc87001dd04b8a1257fdacfa67ae4d7f26b33a	119990	22252865.220173235978171
405	0xe87d71430ff3da7a7f22963d22d00cc8d84c5522	60000	22312865.220173235978171
406	0xa62afdc99b7473960a722cb880e925e71db7b9ed	3000	22315865.220173235978171
407	0x1ee5513ea5c8d5a4f3b59b57202514f302e686b5	3000	22318865.220173235978171
408	0x9a3949fe872a5d137f86e25552183b9c67c30423	10000	22328865.220173235978171
409	0x059029b4a2de7ad2ed890022f59f1a7cad3e881b	1000	22329865.220173235978171
410	0x92988f9410b5ee0065000935946131a4ff38d2f0	3000	22332865.220173235978171
411	0x64bcfa3e53fcad84ed235862306a720647dd3a15	2000	22334865.220173235978171
412	0x760e4660bbbb05ba1eb37a4d689d8bd4926afa41	11990	22346855.220173235978171
413	0x34f3ea8bb865c4d7a63f2ae374b41182bdd30fd8	1500	22348355.220173235978171
414	0x44752adf36d87a1fd6cca9af8bad4e68e9384384	500	22348855.220173235978171
415	0xff5427bf5f4bfe067e43f96bffef394729b3493a	5000	22353855.220173235978171
416	0x88bf3c33fad35993f45e9000454256d4f9b73d6f	41500	22395355.220173235978171
417	0xb09429f8ae6e43b5f9f5a8b9ed38651a375b2d2f	750	22396105.220173235978171
418	0xc62909860252ae0e52fc075cf3a008cd2fe55fb9	1010	22397115.220173235978171
419	0xd5c047a9a815f8489e7935b278d6738080df8124	9000	22406115.220173235978171
420	0x323b79cf1eea11e319d7ad3614d218d0950f8624	30000	22436115.220173235978171
421	0x00343784fb10bc803c69c75fa32211d82539f6ea	26000	22462115.220173235978171
422	0x00bc2e64901649dbed49dd09e9d3e3db246aaa91	53640	22515755.220173235978171
423	0xc44cfce1d4312bf8746f7c03a6be5564ad221a7f	12000	22527755.220173235978171
424	0x97fac89b19e1a25b7b77cbebbd0708740d66adab	7900	22535655.220173235978171
425	0xcde9c6205f14338d1b48cc5db86592ff1f1cfc2e	35000	22570655.220173235978171
426	0x84a6a3ef0ab030df7083196d6f00acba18a8fe01	10000	22580655.220173235978171
427	0x81c8c6088226c02537cc02f3315963ac1a5609ed	52005	22632660.220173235978171
428	0xa6d0c47df7af1ecdd555d08c44ca4f7186e6e982	6000	22638660.220173235978171
429	0x41c0fd5c6ce86524c1f775e49d0a50771773e007	9854.18635	22648514.406523235978171
430	0x73cca8c0764f1b3ab3f16a64ea8f30dac92e0ceb	8000	22656514.406523235978171
431	0xad7f84324d7e4e042ac6bce6f29c2f9b4f536cc6	180000	22836514.406523235978171
432	0xd3d6ae5fb0ea32be2c940166318e498afdda949e	19200	22855714.406523235978171
433	0x175b1a0b3a82905e4f24b2a5006b59623d6425c9	10000	22865714.406523235978171
434	0xe2ee99434068bccae254c1d23f7be95783d39004	60000	22925714.406523235978171
435	0x6ffd41102db3e459f5af8b3c721fd525f7ac5bf0	10040	22935754.406523235978171
436	0x700887d5923ec227409d07ed9e437095d00f56da	8000	22943754.406523235978171
437	0x8760732633d1734f49aa2c766bea19dcbc17ca25	500	22944254.406523235978171
438	0x6368308f5f050ac1d62a358ae9ccc5c605fc4ce4	2000	22946254.406523235978171
439	0x7cf209a05d1565cc63fd2364149beb5b3db62ff8	1000	22947254.406523235978171
440	0x0c22a65da50ff23a3b8e236d586fe7e3e01ddba5	500	22947754.406523235978171
441	0x9b9847d1a38926f10fa67bfa1168ecd88304b9b1	600	22948354.406523235978171
442	0x00a1d74e6f4550c412c66ac6c388b90d2d981fca	18000	22966354.406523235978171
443	0x8052f614d75963cc7b68002e2cba51dd500b969b	2000	22968354.406523235978171
444	0x6bb24f69dbe63628ebad80c5f6745ce18cac9637	96000	23064354.406523235978171
445	0xd949ea0610d4517dc2a79cce5ad866f7d17cccd8	2000	23066354.406523235978171
446	0x6e113eacd58109522af7e81e5113a4bf2fbd951a	10000	23076354.406523235978171
447	0x6c5e26b3f667efef6762238448caac3583ab82de	30000	23106354.406523235978171
448	0x0bbaa3bcd3e21118f127f2864c43dd576263243f	1000	23107354.406523235978171
449	0xaa648e8044e2573b0f8356d44443ec1210d4eb21	39300	23146654.406523235978171
450	0x174edc43d0bf91d25640e284645de4bed6ac65cd	40000	23186654.406523235978171
451	0x007402a701204d8fc43c46a0626a8b17f6cfb89a	176000	23362654.406523235978171
452	0xca4d125d7a4cf0bc8639cda418a066b98aeb9381	2000	23364654.406523235978171
453	0xa60614650c597cb4eef2da868caeb4f10bd67dad	18000	23382654.406523235978171
454	0x93a261e2415a0185ce72c82b892de91814fc891f	1195.03394	23383849.440463235978171
455	0xd6f711409ea2e4a4d15aaa0ab94da55b5d519858	12000	23395849.440463235978171
456	0x7636d77b891dd86847885cc2b8a32cc2bf01ac76	2000	23397849.440463235978171
457	0xad616ae9b76d1a6095dd3a22586f5c85092f8df2	4979.559	23402828.999463235978171
458	0x73fddc6c47c8960de1f789cb201ccf2fc1b2c814	8000	23410828.999463235978171
459	0x3cb9b451a3ff2e77db346495f30e40ec35e1941c	48000	23458828.999463235978171
460	0x0f216140593c93d936f27c998102f8220b88459c	500	23459328.999463235978171
461	0x109cbdc2c04f72a88b34664ac6a99c31955bc6f0	10000	23469328.999463235978171
462	0xc5b22b2bf338006332314b7ab5b455934c424baf	860	23470188.999463235978171
463	0xd3cdd7abd4981e2e003b936ad881cb208924501b	9000	23479188.999463235978171
464	0x68cbc764f5ccb469c3d7bcae92811562a404e207	5000	23484188.999463235978171
465	0x6e6c84026767d35161fabd497d3100ce78de3730	1497.251562	23485686.251025235978171
466	0x095718762a36548710afde4e2fe81bbb9ff58483	215990	23701676.251025235978171
467	0xf2230e61e90f23d6d43bb1008567fbc3ccf0ad45	13000	23714676.251025235978171
468	0x9e3e93fc983d84e6397e35bc5cd3c33783041f35	4500	23719176.251025235978171
469	0x44451672875676edd367ae3ff0696f2663a43896	95000	23814176.251025235978171
470	0x4d22ebd9c89c4d5a9e892b312c684daf4f4af34f	4000	23818176.251025235978171
471	0x72952e10b3634d1f85ae04eed1ddc8ea3aea61ee	15100	23833276.251025235978171
472	0x98b1301649718781874299eb37e55a9cec11fad1	12000	23845276.251025235978171
473	0xcd5164c8c8a6c4d0c49e6fa5872435c33ab42af5	3966	23849242.251025235978171
474	0x4673cfd6908b210bc3069404d00daecb1504a458	10000	23859242.251025235978171
475	0x0999ec5f3bceee3612fde78c70f0384209a6ad88	500	23859742.251025235978171
476	0x00d7002cbc1bc73a2f17b0968b87c74b1d80a257	24000	23883742.251025235978171
477	0x0ff99bf9a0e60866761d9e82805565119d2d08f8	1000000	24883742.251025235978171
478	0x31e018c2b0e23193eda9d7c0e3bd0604b49f794e	980	24884722.251025235978171
479	0x607428941a6920e14ca925a5dfdeb444b53e8e90	6000	24890722.251025235978171
480	0x512676bb4c8dc2743bbcecd9fd637d5458d28fd1	84000	24974722.251025235978171
481	0xa22438f8c8ba4f08a9a3c857b2687cc1a890ee30	6000	24980722.251025235978171
482	0xffff5bdc5ab53c60cbee95af561182a09337176e	2190.8	24982913.051025235978171
483	0x7935f04a2b66227137c79936dbf59bce16f7cbc3	7520	24990433.051025235978171
484	0x2a2eabf7b621ab3f244a99378bdb45c5873e504a	3000	24993433.051025235978171
485	0x5d6585b5593cba2331cc0e1d38154f94f0911159	24000	25017433.051025235978171
486	0xb2103db38d279d5ff5c305a0369d7b05394d5c57	12000	25029433.051025235978171
487	0xc60debaa978d0c215c37859f8b59b07910afe807	1000	25030433.051025235978171
488	0x84659a06d1ddbc2a603d9afe6bb85eba7b97de3d	60000	25090433.051025235978171
489	0xc0aa285006388eb782bb842d11c207155fcd76ae	1000	25091433.051025235978171
490	0x8892dc844c8cc9fae1cc331310885bd473eea223	500	25091933.051025235978171
491	0xace9c83441712359402d0eac940343826310784f	10000	25101933.051025235978171
492	0x6a818a23aaf52d0872f8836240366cf19cdcbceb	60000	25161933.051025235978171
493	0x83dc74025050649d1185c33679e09a6e4b38c9cd	30000	25191933.051025235978171
494	0x0c286300850e2e15c1849e0030d30cd3f9410053	26400	25218333.051025235978171
495	0x1ff60e72c816c30326012af3894d2d563b08959e	2000	25220333.051025235978171
496	0x6bf0627e48ac7a814d425fa2454e2a7da11737f5	70500	25290833.051025235978171
497	0x1c187b3e2477657250c34955a6eb247f28558d94	4000	25294833.051025235978171
498	0x331e80e08efd2cdd9ae6b74843456098f869ba2d	36000	25330833.051025235978171
499	0xcb64587f55ae132d4a9f354ea171dd6d5d84aef4	3000	25333833.051025235978171
500	0x51ded656442eb0d148ebedda17c221f9ec4a3822	12000	25345833.051025235978171
501	0x2a3129aa8dbf3f1fa52f0068195e6cec1bbdde57	500	25346333.051025235978171
502	0x0a7485e7ee06a0f2a8f0a9924d801470d732bf8d	7000	25353333.051025235978171
503	0x283097d58a340871b9138c0ad1098e0fe0526ba5	2000	25355333.051025235978171
504	0xc11583d611f8cf2b067a563936638c8c4085f51f	35000	25390333.051025235978171
505	0x8166b406d30fbc5d90ade60fe8b552029367ef7b	9000	25399333.051025235978171
506	0x50f6ba1c731ac40b7529ad6a99e3e039c8f4508c	5000	25404333.051025235978171
507	0x1a5755d49fbfb675599863a491af333c04f9f4ba	1500	25405833.051025235978171
508	0xd2fa1dbe39cb3e09010b756e22f43dbfdf9d78ea	3000	25408833.051025235978171
509	0x6a22588732231de5ada905610e62c6458dc61d73	1000000	26408833.051025235978171
510	0x1988b7856869eceabdb2f6b1d658da2668b37b1e	114000	26522833.051025235978171
511	0x6e9f3b618f240240d359435747bb37729442b152	24000	26546833.051025235978171
512	0x5f6ed641133ebebd239244bddcfd60c61f6c5285	15000	26561833.051025235978171
513	0xa199834ade060f50c0881dfd0aedc109ce7f654a	1849.64636	26563682.697385235978171
514	0x009d06cc6b11fa75412c3cda6da63813bbbdafaf	48000	26611682.697385235978171
515	0x55324641332f9eaa167a1f4b4e57b81a71476990	1000	26612682.697385235978171
516	0x48f036415c3631083c988fc60f68e021e6407614	1300	26613982.697385235978171
517	0x0504bf9719b27b0b65683cb6048d269782bd8665	500	26614482.697385235978171
518	0x162124aade1e5ac49cfc785871fd33874f41354c	500000	27114482.697385235978171
519	0xff651ead42b8eea0b9cb88edc92704ef6af372ce	120000	27234482.697385235978171
520	0x6b8e421c51c5a67a3d81b802374ea78e45434d9b	10000	27244482.697385235978171
521	0x05d272c6e2c6c6dbce857993012cba25689a8850	7000	27251482.697385235978171
522	0x505120957a9806827f8f111a123561e82c40bc78	34500	27285982.697385235978171
523	0x83df0bfd9286aa8d2bf3b9660040004609821da6	2500	27288482.697385235978171
524	0x1fadf495fbec1cef6390095b24c519bea96d942f	34000	27322482.697385235978171
525	0x63a5733f625f3d5afccc8ae0a6c1dbf6c194011a	6000	27328482.697385235978171
526	0x174c9c38ff66277d42155414d30ccb7c124f60f3	2000	27330482.697385235978171
527	0x17125b59ac51cee029e4bd78d7f5947d1ea49bb2	132000	27462482.697385235978171
528	0xc6a73e3e867bc7f6d4b4a0b2485070403d02d855	10000	27472482.697385235978171
529	0xe154be458ab7baca2c50d7c4ea124f19fb0e2e36	4000	27476482.697385235978171
530	0xea8db28c3cb1d19870cede253402d2023cf483d0	26400	27502882.697385235978171
531	0xc77c5516f4a0ef156799b323d2a71a176331cad1	12000	27514882.697385235978171
532	0xa81842fb650317cb7445a9700f8be73d00dc6df3	566250	28081132.697385235978171
533	0x525bc62102ec418d32e9b61a2a3c1954f2960de6	42000	28123132.697385235978171
534	0xe9ebee76a902b6536c0bddf79ac4c4343e5bdbfb	6000	28129132.697385235978171
535	0x36c115c4dee9cd8b7d713bf4686db1f9772e8249	2500	28131632.697385235978171
536	0x7a855e3e13585368576a5a583c50451339acc561	2000	28133632.697385235978171
537	0xbe272abbf6705f0adc54b2f929101282c4365977	2000	28135632.697385235978171
538	0x2565f8e0b33f2d3bb1c0e2dd5fbb972df48654c8	360000	28495632.697385235978171
539	0x003593f9d633e8a246d71abc608c7a187e16e934	12000	28507632.697385235978171
540	0x58e22c06e26166ed9dc7c480b16086b09763d576	82790	28590422.697385235978171
541	0x5deb6b87853569ce9bdd8e600d157a58ef1687f2	995.8	28591418.497385235978171
542	0xfef266639e62608bdd5620ae3137f930220513c7	2000	28593418.497385235978171
543	0x1d8ad0b07f67b701f591cd00ee70164c4daf944f	10000	28603418.497385235978171
544	0xd5332aa996046aed8b0b14e3c54ec2382be2c5b6	15600	28619018.497385235978171
545	0xe313e51e178ca64a04ff3c9e7294bd839e873a0e	30000	28649018.497385235978171
546	0x038e45eadd3d88b87fe4dab066680522f0dfc8f9	120000	28769018.497385235978171
547	0x01fb009d5b0648a7e4777f28552ecbc40709b41a	1000	28770018.497385235978171
548	0xa271151e64cac72a290fd29dec25f25f37dfb6c3	2000	28772018.497385235978171
549	0xba92b88898d7f5fde1752cecfb03181aece0ddb7	10000	28782018.497385235978171
550	0x1ed65e726461235aad9cac673e5a82b9c4e75b4c	2500	28784518.497385235978171
551	0x8fcb3279d95987347d1fb8751ec0901a27a671d2	5000	28789518.497385235978171
552	0x790089b284d89488e17859f75bc1f17bab946209	1980	28791498.497385235978171
553	0x6a72f3ab4cb0727c23c85843d3f3fbe9521c97cb	20000	28811498.497385235978171
554	0x842baf9f014c5f0f8fcdaa68f1b09e3501cb56c1	24000	28835498.497385235978171
555	0xefadef57a9620c525dbd9b12fa286b205fece1dc	120000	28955498.497385235978171
